{
  "nombre" : "Mi Tienda Online",
  "categorias" : [ {
    "id" : 1,
    "nombre" : "Electrónica",
    "productos" : [ {
      "id" : 101,
      "nombre" : "Smartphone Pro",
      "precio" : 999.99,
      "descripcion" : "El último smartphone del mercado con cámara de alta resolución.",
      "caracteristicas" : {
        "pantalla" : "6.5 pulgadas",
        "camara" : "48 MP",
        "bateria" : "4500 mAh"
      },
      "inventario" : 9
    }, {
      "id" : 102,
      "nombre" : "Tablet Plus",
      "precio" : 649.50,
      "descripcion" : "Tablet ligera y rápida para trabajar y jugar.",
      "caracteristicas" : {
        "pantalla" : "10.1 pulgadas",
        "camara" : "12 MP",
        "bateria" : "8000 mAh"
      },
      "inventario" : 15
    } ]
  }, {
    "id" : 2,
    "nombre" : "Informática",
    "productos" : [ {
      "id" : 201,
      "nombre" : "Portátil Ultra",
      "precio" : 1199.00,
      "descripcion" : "Portátil de alto rendimiento con procesador i7 y SSD de 1TB.",
      "caracteristicas" : {
        "pantalla" : "15.6 pulgadas",
        "camara" : "HD 720p",
        "bateria" : "6000 mAh"
      },
      "inventario" : 8
    }, {
      "id" : 202,
      "nombre" : "Ratón Óptico",
      "precio" : 25.99,
      "descripcion" : "Ratón ergonómico inalámbrico con sensor óptico preciso.",
      "caracteristicas" : {
        "pantalla" : "N/A",
        "camara" : "N/A",
        "bateria" : "AA reemplazable"
      },
      "inventario" : 50
    } ]
  }, {
    "id" : 3,
    "nombre" : "Audio",
    "productos" : [ {
      "id" : 301,
      "nombre" : "Auriculares Bluetooth",
      "precio" : 79.99,
      "descripcion" : "Auriculares inalámbricos con cancelación de ruido.",
      "caracteristicas" : {
        "pantalla" : "N/A",
        "camara" : "N/A",
        "bateria" : "30 horas de autonomía"
      },
      "inventario" : 20
    }, {
      "id" : 302,
      "nombre" : "Altavoz Inteligente",
      "precio" : 149.99,
      "descripcion" : "Altavoz con asistente virtual integrado.",
      "caracteristicas" : {
        "pantalla" : "LCD pequeña",
        "camara" : "N/A",
        "bateria" : "Enchufe AC"
      },
      "inventario" : 12
    } ]
  } ],
  "usuarios" : [ {
    "id" : 1,
    "nombre" : "Franco",
    "email" : "francopdl@example.com",
    "direccion" : {
      "calle" : "Calle Principal",
      "numero" : 123,
      "ciudad" : "Sevilla",
      "pais" : "España"
    },
    "historialCompras" : [ {
      "productoId" : 101,
      "cantidad" : 2,
      "fecha" : "2023-11-14"
    }, {
      "productoId" : 202,
      "cantidad" : 1,
      "fecha" : "2024-02-03"
    }, {
      "productoId" : 101,
      "cantidad" : 1,
      "fecha" : "2025-10-22"
    } ]
  }, {
    "id" : 2,
    "nombre" : "David",
    "email" : "davidvalderrama@example.com",
    "direccion" : {
      "calle" : "Avenida del Sol",
      "numero" : 45,
      "ciudad" : "Sevilla",
      "pais" : "España"
    },
    "historialCompras" : [ {
      "productoId" : 301,
      "cantidad" : 1,
      "fecha" : "2024-01-20"
    } ]
  }, {
    "id" : 3,
    "nombre" : "Germán",
    "email" : "gerferpin@example.com",
    "direccion" : {
      "calle" : "Plaza Mayor",
      "numero" : 10,
      "ciudad" : "Sevilla",
      "pais" : "España"
    },
    "historialCompras" : [ ]
  } ]
}